Porcelain Raft - Big Sur,https://drive.google.com/uc?export=download&id=1-6Lwdg0kyGKIAAaV9FMRdBNssszD0Vue
James Newton Howard - Prologue  Parallax Unbound,https://drive.google.com/uc?export=download&id=1-B4ZzjmRQq8eYezfbx2WuxbsDUNSEeQW
Alexandre Desplat - Battlefield,https://drive.google.com/uc?export=download&id=1-BIPMK-lm59I9uDJfYd6a-S0T4VIsQJ7
Blake Neely - So It Begins,https://drive.google.com/uc?export=download&id=1-H7FkxuAEYp638lEEopI_3qSMmnp7GC5
Steve Jablonsky - Merlin's Staff,https://drive.google.com/uc?export=download&id=1-I5J52h0_E_8dVIR7Z_OhqsqEUiswATm
Brian Tyler - Lokasenna,https://drive.google.com/uc?export=download&id=1-VvXH_IgH80OqIpyU7LWrxL6hSICv9eS
Marco Beltrami - Don't Be What They Made You,https://drive.google.com/uc?export=download&id=1-YVhAZdul38hfVghrMR7nfJGBqdYkKAT
Tyler Bates - Made an Enemy,https://drive.google.com/uc?export=download&id=1-_rPeRQu1iYJQPN4O68rKZ_Bp2gzsnlM
Steve Jablonsky - Cogman Sings,https://drive.google.com/uc?export=download&id=1-h9PbZ2dsq60xzZtZr9chrJmV9m7RPG9
Steve Jablonsky - Best Thing That Ever Happened,https://drive.google.com/uc?export=download&id=1-mCJxFuhJHhXkcDdrZfj6uxMzsjnIpNq
C_line Dion - Immortality,https://drive.google.com/uc?export=download&id=1-n3eI6v3YqcQMP-wiwZQaGIkAG08Bl0J
Blake Neely - Because I Liked It,https://drive.google.com/uc?export=download&id=1-oIXTOoLJgYSvMQ2xTQr-yd_35PgV5BC
Tyler Bates - Lewis Gets the Boot,https://drive.google.com/uc?export=download&id=1-sm8gigprHyapJ7bRDaRqAllvMy7WJq9
Tyler Bates - Rampage,https://drive.google.com/uc?export=download&id=1-w1PWo6DMHhKF376RhKwgSLWs7tf8POF
Armon Jay - To Be Honest,https://drive.google.com/uc?export=download&id=103Gb-OoNk7c-j29PRUtAvJQNYz_RTHlS
Steve Jablonsky - Honor To The End,https://drive.google.com/uc?export=download&id=107xLXuBsA2Qe7oznLT-Zef05B12XCb71
Vlen - Cold Blood,https://drive.google.com/uc?export=download&id=10TaPArprWtj52LU52y4ErC0gWzokpC6p
Steve Jablonsky - Brothers,https://drive.google.com/uc?export=download&id=10VAnK_pBQBirc0fi_l5V_kiMs2zBhNxt
Grimes - Medieval Warfare,https://drive.google.com/uc?export=download&id=10WDADgwB7AQk31r6LLsRCYUd_9JJ98eK
Steve Jablonsky - The Fight Will Be Your Own,https://drive.google.com/uc?export=download&id=10_0JRgxp9wSsB_UyT9gWczXuFdCZop5W
C_line Dion - When I Need You,https://drive.google.com/uc?export=download&id=10hLuYzmL9QHbEJ9iofOsmS7FS_c9KSf_
C_line Dion - The Power Of Love,https://drive.google.com/uc?export=download&id=10ncPlbYOmwCasMkwmV3PBpvBNg3C_tsh
Dana Glover - It Is You(I Have Loved),https://drive.google.com/uc?export=download&id=10rJHGr047WTzYHLtJWgw9d1nb83oehx_
Steve Jablonsky - Izzy,https://drive.google.com/uc?export=download&id=11NmiCN39IkB6z0VrrFuBg1Sg3xUpuPUL
ConfidentialMX_Becky Hanson - I Started a Joke,https://drive.google.com/uc?export=download&id=11OAcKfIlfi30vrLjFR5sE7NwuLAW7WGI
Rupert Gregson Williams - We Are All To Blame,https://drive.google.com/uc?export=download&id=11UYTU1IjpzrDA2-MlWHQQh4bkte2Ln07
Marco Beltrami - Up to Eden,https://drive.google.com/uc?export=download&id=11_E-iWt8hEesA2quTxIZ5cYJezGEB3Oq
Bishop Briggs_Cold War Kids - So Tied Up,https://drive.google.com/uc?export=download&id=11aAYJnT42vXApSAsFahQSojjFP-m212l
Ed Sheeran - I See Fire,https://drive.google.com/uc?export=download&id=11dgXxtxziCjC2AppY-kQe3ODvbXqW9ux
Michael Giacchino - The Ecstasy of the Bold,https://drive.google.com/uc?export=download&id=11hGngaCPloCsJLESpJQzxojkQr4eIRqy
Florian Bur - Life goes on,https://drive.google.com/uc?export=download&id=11hQF56Hh7XT5igx--DLQGjayUB8Il6hu
Cage the Elephant - Ain't No Rest for the Wicked,https://drive.google.com/uc?export=download&id=11v66ga4sYSsRFH2mq9M9xTgZoUNmhJXZ
Diplo_French Montana_Lil Pump_Zhavia Ward - Welcome to the Party,https://drive.google.com/uc?export=download&id=11x_yovhuP8O90QJXk3PMyyRSCWtqZbhU
Alt J - Left Hand Free,https://drive.google.com/uc?export=download&id=12AItf8u42Ys0NHHjqQQCY563sogKSEpr
Idina Menzel - Let It Go,https://drive.google.com/uc?export=download&id=12Ga9GFjM-ez8nNg6QNBmV0E2jrSD1RRA
Mark Isham - The Dream,https://drive.google.com/uc?export=download&id=12KQboreKytpTOejiEtZSHKV755ZFOFJ9
Rupert Gregson Williams - Amazons of Themyscira,https://drive.google.com/uc?export=download&id=12OAB_wVwrZNia-WHtRIPOJhWj__Bj79z
Action Bronson_Mark Ronson_Dan Auerbach - Standing In the Rain,https://drive.google.com/uc?export=download&id=12X52QE6SlxsVo1DvTWVmBvPvuWFV0QIJ
Spencer Lee - Still I Fly,https://drive.google.com/uc?export=download&id=12csPcbfzBH5jJt7opFXoPNFyF-dH8mHI
Blake Neely - Light Inside You,https://drive.google.com/uc?export=download&id=12fWOwaET35OWYhyczPFubnhV_eWmLc6u
Creedence Clearwater Revival - Fortunate Son,https://drive.google.com/uc?export=download&id=12lKIKP544CNx6cFKCFBGo-jpl078FMAL
Beck - Fix Me,https://drive.google.com/uc?export=download&id=12ogafEffw-eOQzBH7IwyoLaEP46REJvL
Hans Zimmer,https://drive.google.com/uc?export=download&id=133aJxYKPKIsGWdsMy0HNgygRkjGueW5u
Zara Larsson - Ain't My Fault,https://drive.google.com/uc?export=download&id=139GU4DNtsUnzksK-bPmI6M3s0KhU3yvn
Amy Stroup - Curious Heart,https://drive.google.com/uc?export=download&id=13bUJJw4dzJY7QtjP7D4PH84fM4ZnH-q-
Daft Punk - Father and Son,https://drive.google.com/uc?export=download&id=13cRHYe86g0fMUr2xHC4zVAq03qw9JNfU
Tyler Bates - Quiet Reflection,https://drive.google.com/uc?export=download&id=13hn5QWp0e5IHQE2SHEpl5TvmZ6GhC5Og
Mark Isham - Jumping through the Forest,https://drive.google.com/uc?export=download&id=13lwTxsxDQ_FuaApGPPMGpToLTV1sSEYX
Mark Isham - Preparation,https://drive.google.com/uc?export=download&id=13n8EogzBQO8M21pQidycwcF_RL-MwS31
Kevin Gates - Know Better,https://drive.google.com/uc?export=download&id=13ysDAnAWO5UigrzwGnkKTNGHbzUNhCRS
Steve Jablonsky - Precious Cargo,https://drive.google.com/uc?export=download&id=13zlKzTthatFkYQSH9BUoWn1M-oBRHqY_
Adele - Skyfall,https://drive.google.com/uc?export=download&id=140oxMuORlOxF93AFk0PxNSO3gBqYM59M
Johnny Cash - Father And Son,https://drive.google.com/uc?export=download&id=14WU5Oiz2YLVhMmiqKRN2JAS4GLGeGd4I
Isaac Hayes - Walk On By,https://drive.google.com/uc?export=download&id=14X5jBLm6tcj1gal66WiBb310t8N5le8G
Pharrell Williams - Happy,https://drive.google.com/uc?export=download&id=14_remw1FJ8wkxkBdQNOe_4EM3-obQr6j
Mark Isham - Second Phone Call,https://drive.google.com/uc?export=download&id=14fZZppcMI9WWvrpc8yjqYXjGCjfZHZ6j
Taylor Swift - New Year's Day,https://drive.google.com/uc?export=download&id=14h3KXW_ZiWY4iL1LqWzTHQw0O0WN_6w4
ScHoolboy Q_2 Chainz_Saudin - X,https://drive.google.com/uc?export=download&id=14jeK5gWvUzweRiUDaEQhRPjkRVvKjV4n
Steve Jablonsky - Your Creators Want You Back,https://drive.google.com/uc?export=download&id=15kuSh3OxeZ0W3zZxp4kpOz_NP-8-PQbE
Amy Stroup - Dark Runs Out,https://drive.google.com/uc?export=download&id=15xjP6JiDhjyYjDFz1DoshXX1ohspup8R
Andrew Kawczynski - Firmware Update,https://drive.google.com/uc?export=download&id=163GsibP0OWONRc90Dy6-lbm-7SPLkZ5Q
Brian Tyler - Thor The Dark World,https://drive.google.com/uc?export=download&id=163n8t3z6D0Dn4_EYdjHtlbM2kQipXf63
Andrew Lockington - Rampage,https://drive.google.com/uc?export=download&id=166S7yoNtaJtPgo4RRQFeJujlTJLmoAjt
Mark Isham - Adam's Plan,https://drive.google.com/uc?export=download&id=16M3QbGAasiaH3cAeQuKKoBprmp9b3lST
Marco Beltrami - Main Titles,https://drive.google.com/uc?export=download&id=16dtOnxtxnZe_qlPTQIgkZ6aSdgtTDo7I
Steve Jablonsky - Battlefield,https://drive.google.com/uc?export=download&id=16ePP86yVqR6jVKZvHk6USiPZaxn5go3-
John Ottman - I Found Them,https://drive.google.com/uc?export=download&id=16fJqVW3JpAF0TzS39FcVdRaCvmHTh0Cb
Blake Neely - Everyone Left,https://drive.google.com/uc?export=download&id=16rcN1d5s5K1FOzITZ4eHYvhqkKEajh_1
Mariah Carey - Hero,https://drive.google.com/uc?export=download&id=16te990RCfUD1MA0zFvuwRRLYZWy03Dhi
Enya - Amarantine,https://drive.google.com/uc?export=download&id=170hl5vGXZCyIYrUf89rlDaUFHQppIH4Z
Steve Jablonsky - Half Shell,https://drive.google.com/uc?export=download&id=17EIJVsWFrwWhBGPPkISKrQ0pe3N8IS3D
The Kicks - Devil's Got A Hold,https://drive.google.com/uc?export=download&id=17JOEHYzaWCVxk8xNqrr3npHffrM6RlbQ
Beyonce - Rise Up,https://drive.google.com/uc?export=download&id=17MWo6Wy1ZgmiUW6wI14tQJ4rmpgblCd9
Tyler Bates - No More War to Fight,https://drive.google.com/uc?export=download&id=17Ok4-BiBHPWv4V2xONP8VJe3gdoylog-
The Weeknd_Kendrick Lamar - Pray For Me,https://drive.google.com/uc?export=download&id=17WpcyCwRXut12R4d_sCY_AX8V4aRgRZs
Steve Jablonsky - Sacrifice,https://drive.google.com/uc?export=download&id=17jjoTT9ZWHmQECGLzP6Dz_HpESD8Qmy-
Tyler Bates - The Punisher Main Title,https://drive.google.com/uc?export=download&id=17rYnDMXm-uMHXv-OKoLijaVAQZXnBwWY
Rupert Gregson Williams - No Man's Land,https://drive.google.com/uc?export=download&id=17sehaRG_Nx54fTBM_93G6k1jK6i31aYn
Tyler Bates - Just in Time,https://drive.google.com/uc?export=download&id=17zCXn4niURcgdEtetws2K78vxbXgdeyM
Mark Isham - Introduction,https://drive.google.com/uc?export=download&id=183D51iqp2JIR8yendUKhfMGVP9ALj-yI
Damien Rice_Lisa Hannigan - 9 Crimes,https://drive.google.com/uc?export=download&id=1865uxUJz8LHDM8_QJErxuq0rqlIBE9aq
Taylor Swift - Back to December,https://drive.google.com/uc?export=download&id=18DjNp1TAQ6ji5l-jJr0A6NXvgslcJomZ
Amy Stroup - In The Shadows,https://drive.google.com/uc?export=download&id=18EOXO2eTYch9c-Mjx8R5Fq2i5rJBoghz
John Dreamer - Brotherhood,https://drive.google.com/uc?export=download&id=18HI_zMG7l62cjqU1lDrHZ3gh4gKWmlGd
Mark Isham - Bob at the Repair Shop,https://drive.google.com/uc?export=download&id=18YA63uw2erk6S4rWn40aTGIqF7g5SC1j
The Score - Legend,https://drive.google.com/uc?export=download&id=18bDSk6qNKjXSMENVbi5hXx-1txib2ZxH
Taylor Swift - Enchanted,https://drive.google.com/uc?export=download&id=18ladzRKAAa-ZZs9deok237zTzZBKAoDa
Mariah Carey - I Still Believe,https://drive.google.com/uc?export=download&id=18uDatJHknuQk-5grLbft0BfrNHofZ4KV
Steve Jablonsky - Matrix Of Leadership,https://drive.google.com/uc?export=download&id=18wi-bdWsGyZW8y_U2iUK2u8gJueMXag8
Florian Bur - Your Day,https://drive.google.com/uc?export=download&id=18yXLOF2VCqO5klynz0Az-5PbV85tdZWn
Daft Punk - Overture,https://drive.google.com/uc?export=download&id=19-QAydTVYz-BIYLx2--MdEv0UQA8vUre
BANNERS - Ghosts,https://drive.google.com/uc?export=download&id=19AlFX9yrGbCcP9Y7pmtZxVa25PrN_f3g
Brian Tyler - New Beginnings,https://drive.google.com/uc?export=download&id=19BumzAbPZtp8GgV3AVmSaNwXrR-ib5N7
Norman Greenbaum - Spirit In The Sky,https://drive.google.com/uc?export=download&id=19D31Psy49G9uTRnPYB6NwE9fTJKKK5NI
Hozier - Like Real People Do,https://drive.google.com/uc?export=download&id=19KeRb3pX48wKJDfqq5XszLR8R24K3Nwz
Daft Punk - Solar Sailer,https://drive.google.com/uc?export=download&id=19dTrBiK0i__EJRbYQiRsquhOFNxbjk8b
Florian Bur - My World,https://drive.google.com/uc?export=download&id=19lnqrYPgK3Y1JhJXFGihSMJ6HqO4L8tM
John Ottman - I Have Faith in You (Goodbyes),https://drive.google.com/uc?export=download&id=19rlG2GR6WH_MhQpT4WBigwyroVlJ8kTf
Aron Wright - In the Sun,https://drive.google.com/uc?export=download&id=19zpXWN_bqUcc2X0J8IvDzdfag-48aD5i
Luke Sital Singh - Killing Me,https://drive.google.com/uc?export=download&id=1A24cyOxXASroTBlwXnB7CW-1xmDXR1wn
Thomas Bergersen - Ocean Princess,https://drive.google.com/uc?export=download&id=1A5F7ozhQVGhFOZOedSCXINPaTAJcT6LM
Adrian Younge_Ali Shaheed Muhammad - Theme,https://drive.google.com/uc?export=download&id=1AHQFEJBq_uXHHJHnHPfQxlc9XoyO3oHc
Steve Jablonsky - Turtle Power,https://drive.google.com/uc?export=download&id=1ANx3QLlAHqJRqANHto995nyeULAThnm0
Sigrid - Dynamite,https://drive.google.com/uc?export=download&id=1ARNDvkYNcG-Fw1WiaC8ixuCT3nTFeXZv
Florian Bur - I'm Happy,https://drive.google.com/uc?export=download&id=1AYca2esJBWOG8HS21qhWzDd5UlkEvRXp
Mariah Carey - The Star,https://drive.google.com/uc?export=download&id=1AgXpMzL0TsX7msXHS9cyFbZXAk0OpnQh
Johnny Cash - Heart Of Gold,https://drive.google.com/uc?export=download&id=1Aps8TzYlOhZvg8YYQzjo1icjXaPsyG5W
Charlie Puth - Through It All,https://drive.google.com/uc?export=download&id=1AuyOqwnaN7e4v4z-AWQ1K2z_SfX5qYIT
Aimee Mann - That's How I Knew This Story Would Break My Heart,https://drive.google.com/uc?export=download&id=1Az62h8nnDTbfj2DR7B_OYhIQNA5h-sU3
Vince Staples_Yugen Blakrok - Opps,https://drive.google.com/uc?export=download&id=1B1ZKNWllPPS678EWaxAfis75mdovJSGH
Steve Jablonsky - Prime,https://drive.google.com/uc?export=download&id=1B2H4_QTiC4cbZwPcKUmOWwpe_S55-_MJ
RY X - Heartbreak,https://drive.google.com/uc?export=download&id=1BAH5DfUOaD9cy-N6T-jMm2t0BFcKi5RV
Enya - Only Time,https://drive.google.com/uc?export=download&id=1BHMvBEFLfh94pmoHaYUZPSl4j5BqnAGa
Adrian Younge_Ali Shaheed Muhammad - End Theme,https://drive.google.com/uc?export=download&id=1BIZY64yvbUID-QVlK_0sdxPMoMFHdL1N
David Hirschfelder - Month of the Cat,https://drive.google.com/uc?export=download&id=1BL59Y_fktZCccmLu4p-m3JaANbNr4mlR
Henry Jackman - Into the Jungle,https://drive.google.com/uc?export=download&id=1BLndDBfwWccVCM2Q26DEkZFmp1X0nlDk
Rupert Gregson Williams - Lightning Strikes,https://drive.google.com/uc?export=download&id=1BMyISqeucdZKhOVxQbJbzBMGvmrRZA6a
Junkie XL - Seeking Endurance,https://drive.google.com/uc?export=download&id=1BXToqzokIYry9boQ2preCv23T-X9wwk0
Blake Neely - Shutting it Down,https://drive.google.com/uc?export=download&id=1BZgTS8evpXwQIcM4AFb7VmNcUm__2Gdy
MILCK - Quiet,https://drive.google.com/uc?export=download&id=1BaapdIR73QX9SlSTx0n8Nx3Tb7j0z_vG
Hans Zimmer,https://drive.google.com/uc?export=download&id=1Bc7xSf-01QNft6yzx_PvqxKXfi8nTxhA
Taylor Swift - Welcome To New York,https://drive.google.com/uc?export=download&id=1BeP0KYMs5M6wHcYzkB2QCcL4ozKPfgKm
Amy Stroup - With WIngs,https://drive.google.com/uc?export=download&id=1BmYitsliOrLTA8BXsrcjqvHkq1DfrJl7
Blake Neely - How Do You Lie to Me,https://drive.google.com/uc?export=download&id=1C0k8F9nz8XGqa8-IomrIS6OrKjFlewBf
John Ottman - How Was She#,https://drive.google.com/uc?export=download&id=1CAI0MWhTMPmB-9ph-XYH3tPIhSJS2Lz-
Taylor Swift - Call It What You Want,https://drive.google.com/uc?export=download&id=1CBxh5sUw20571TnSPPtxXSMiPsJ-DNdG
Henry Jackman - Cap's Promise,https://drive.google.com/uc?export=download&id=1CJeqQ2bNHCQD2sl-jLyH-hDv2JIc-TsQ
Hans Zimmer_Junkie XL - Is She with You,https://drive.google.com/uc?export=download&id=1CR-e00ALqK2DX9u-BGPVlM_EaqHhlepq
USA For Africa - We Are The World,https://drive.google.com/uc?export=download&id=1CXziDHLTdmkPKpOV0fMRdlBL2yc2XWCT
Tyler Bates - The Runaround,https://drive.google.com/uc?export=download&id=1CZbj6l3-kXuIAW9ZE7Dktln3GlKh1Ju1
Banners - Start a Riot (Dave Edwards Remix),https://drive.google.com/uc?export=download&id=1C_0jtfm-TS6dZcDODdyPvfLF6Ks2PUGx
Banners - Holy Ground,https://drive.google.com/uc?export=download&id=1Cd0W9v12UC4PRfIjpX7F4kwknxcQ1Z5I